{"initial_reset_timestamp": 1581543729.0125692, "timestamps": [1581543729.0131254, 1581543729.5598505, 1581543731.8189137, 1581543738.858038, 1581543750.829509, 1581543750.9525785, 1581543751.2091622, 1581543751.3371248, 1581543772.0220637, 1581543773.1649654, 1581543773.275431, 1581543781.9117358, 1581543784.6256192, 1581543797.3249366, 1581543797.6586092, 1581543816.6234322, 1581543817.8170867, 1581543818.037095, 1581543819.0082166, 1581543828.6444206, 1581543828.983837, 1581543849.604258, 1581543849.805143, 1581543851.5006878, 1581543852.6973135, 1581543852.8234503, 1581543853.46047, 1581543855.4943092, 1581543859.2616315, 1581543859.4728975, 1581543860.3542845, 1581543864.5599353, 1581543880.0723352, 1581543880.9605727, 1581543883.4251904, 1581543887.196012, 1581543890.5495756, 1581543893.420678, 1581543895.4186578, 1581543901.0636702, 1581543928.2127252, 1581543928.4261472, 1581543928.9890642, 1581543929.7699919, 1581543931.800669, 1581543932.024109, 1581543949.2040625, 1581543949.8056703, 1581543950.6957965, 1581543951.0963373, 1581543959.8474188, 1581543962.7350821, 1581543965.3925867, 1581543966.3545096, 1581543969.6369305, 1581543983.5262218, 1581543984.16565, 1581543984.3915873, 1581543985.4907045, 1581543986.3617237, 1581543987.027682, 1581543989.2612467, 1581543989.672461, 1581543989.8050272, 1581543991.217421, 1581543991.8834047, 1581543992.545924, 1581543992.9834664, 1581543993.2109818, 1581543994.3060472, 1581543994.9718616, 1581543995.6239593, 1581543996.329075, 1581543996.5456884, 1581543997.2211568, 1581543997.846672, 1581543998.4939184, 1581543999.3518972, 1581544000.0111067, 1581544000.787523, 1581544002.0780976, 1581544002.7271702, 1581544003.367453, 1581544003.586873, 1581544005.1044846, 1581544006.216336, 1581544007.4151516, 1581544010.1266036, 1581544010.7946968, 1581544011.0201828, 1581544011.6717482, 1581544013.6491942, 1581544014.5400405, 1581544015.420552, 1581544016.3961053, 1581544017.506793, 1581544017.7399447, 1581544019.1143987, 1581544019.7884626, 1581544020.961687, 1581544021.1049082, 1581544021.6204567, 1581544022.5233836, 1581544023.19819, 1581544023.862547, 1581544024.5218759, 1581544026.3198433, 1581544026.9798186, 1581544027.640551, 1581544028.2824209, 1581544028.5014038, 1581544029.5652037, 1581544030.2285745, 1581544031.0119765, 1581544032.1511493, 1581544033.2384546, 1581544033.6756184, 1581544034.3527763, 1581544035.9031394, 1581544036.5687068, 1581544037.6704485, 1581544038.3175457, 1581544038.9657311, 1581544040.075996, 1581544040.7211297, 1581544041.6495903, 1581544042.0387363, 1581544042.558655, 1581544043.6829395, 1581544044.3416195, 1581544044.5587273, 1581544045.2483492, 1581544046.029783, 1581544046.2622073, 1581544048.016027, 1581544048.905289, 1581544050.0132027, 1581544050.7104745, 1581544050.9230309, 1581544051.5791352, 1581544052.2484503, 1581544052.9026403, 1581544053.5703251, 1581544054.2542765, 1581544054.8909879, 1581544055.1167495, 1581544055.7805688, 1581544056.443288, 1581544057.083886, 1581544057.732005, 1581544058.7413826, 1581544059.2515616, 1581544059.6932766, 1581544060.681614, 1581544061.8356955, 1581544062.9047074, 1581544063.577276, 1581544064.184414, 1581544064.7454264, 1581544065.161729, 1581544065.6296284, 1581544066.5919197, 1581544067.2769964, 1581544068.144606, 1581544069.0096848, 1581544069.6956651, 1581544070.7674391, 1581544071.8948107, 1581544073.0448933, 1581544074.2800457, 1581544074.4999003, 1581544074.727427, 1581544075.8216903, 1581544076.5072527, 1581544077.624545, 1581544077.8586488, 1581544078.5147176, 1581544079.6742887, 1581544080.979296, 1581544081.8445673, 1581544082.0771568, 1581544083.0262578, 1581544083.4238546, 1581544083.8228874, 1581544084.4737246, 1581544085.1610317, 1581544086.714778, 1581544088.128414, 1581544088.8062649, 1581544088.944044, 1581544089.3660128, 1581544089.5724614, 1581544091.8840384, 1581544092.542836, 1581544092.6712081, 1581544093.1579814, 1581544093.7227578, 1581544094.139672, 1581544094.8125062, 1581544095.50595, 1581544095.7640347, 1581544095.768408, 1581544096.4281054, 1581544097.117978, 1581544097.2687166, 1581544097.9114451, 1581544098.9277556, 1581544099.5742543, 1581544100.3592405, 1581544102.1313677, 1581544102.3458521, 1581544102.9950943, 1581544103.6641147, 1581544104.7861938, 1581544105.230231, 1581544105.9174037, 1581544106.5929787, 1581544107.2807539, 1581544107.93949, 1581544108.6273022, 1581544108.8398087, 1581544109.5103214, 1581544110.2568684, 1581544110.4664712, 1581544110.6755226, 1581544111.7879574, 1581544112.0120993, 1581544112.6527824, 1581544112.8813684, 1581544113.5325665, 1581544115.1557844, 1581544120.2636833, 1581544122.222871, 1581544123.3390121, 1581544123.951878, 1581544124.3905957], "episode_lengths": [3, 4, 21, 62, 102, 1, 2, 1, 188, 11, 1, 77, 25, 118, 3, 163, 10, 2, 9, 83, 3, 160, 1, 10, 10, 1, 5, 16, 23, 1, 4, 23, 80, 4, 11, 20, 15, 13, 9, 35, 120, 1, 3, 6, 10, 1, 79, 3, 4, 3, 42, 13, 12, 6, 16, 68, 3, 1, 5, 4, 3, 13, 3, 1, 7, 3, 3, 2, 1, 5, 3, 3, 3, 1, 3, 3, 3, 4, 3, 4, 6, 3, 3, 1, 7, 5, 8, 12, 3, 1, 3, 9, 4, 4, 4, 5, 1, 6, 3, 7, 8, 4, 4, 3, 3, 3, 8, 3, 3, 3, 1, 5, 3, 3, 5, 5, 2, 3, 7, 3, 5, 3, 3, 5, 3, 4, 3, 3, 5, 3, 1, 3, 3, 1, 8, 4, 5, 3, 1, 3, 3, 3, 3, 3, 3, 1, 3, 3, 3, 3, 5, 4, 3, 4, 5, 5, 3, 3, 3, 3, 3, 7, 5, 4, 4, 4, 5, 5, 5, 5, 1, 1, 5, 3, 5, 1, 3, 5, 8, 5, 1, 5, 3, 3, 3, 3, 7, 6, 5, 1, 3, 1, 13, 5, 1, 3, 3, 3, 3, 3, 5, 1, 3, 3, 1, 3, 6, 5, 4, 8, 1, 3, 3, 5, 3, 4, 3, 3, 3, 3, 1, 3, 3, 1, 1, 5, 1, 3, 1, 3, 7, 23, 9, 5, 3, 3],